ba,acajutiba,https://doem.org.br/ba/acajutiba/pesquisar?data_inicial=2000-01-01
ba,alagoinhas,https://doem.org.br/ba/alagoinhas/pesquisar?data_inicial=2000-01-01
ba,alcobaca,https://doem.org.br/ba/alcobaca/pesquisar?data_inicial=2000-01-01
ba,antoniocardoso,https://doem.org.br/ba/antoniocardoso/pesquisar?data_inicial=2000-01-01
ba,banzae,https://doem.org.br/ba/banzae/pesquisar?data_inicial=2000-01-01
ba,barradochoca,https://doem.org.br/ba/barradochoca/pesquisar?data_inicial=2000-01-01
ba,barrocas,https://doem.org.br/ba/barrocas/pesquisar?data_inicial=2000-01-01
ba,brotasdemacaubas,https://doem.org.br/ba/brotasdemacaubas/pesquisar?data_inicial=2000-01-01
ba,cachoeira,https://doem.org.br/ba/cachoeira/pesquisar?data_inicial=2000-01-01
ba,cacule,https://doem.org.br/ba/cacule/pesquisar?data_inicial=2000-01-01
ba,camamu,https://doem.org.br/ba/camamu/pesquisar?data_inicial=2000-01-01
ba,campoformoso,https://doem.org.br/ba/campoformoso/pesquisar?data_inicial=2000-01-01
ba,canudos,https://doem.org.br/ba/canudos/pesquisar?data_inicial=2000-01-01
ba,catolandia,https://doem.org.br/ba/catolandia/pesquisar?data_inicial=2000-01-01
ba,catu,https://doem.org.br/ba/catu/pesquisar?data_inicial=2000-01-01
ba,cicerodantas,https://doem.org.br/ba/cicerodantas/pesquisar?data_inicial=2000-01-01
ba,florestaazul,https://doem.org.br/ba/florestaazul/pesquisar?data_inicial=2000-01-01
ba,inhambupe,https://doem.org.br/ba/inhambupe/pesquisar?data_inicial=2000-01-01
ba,ipiau,https://doem.org.br/ba/ipiau/pesquisar?data_inicial=2000-01-01
ba,irara,https://doem.org.br/ba/irara/pesquisar?data_inicial=2000-01-01
ba,itapetinga,https://doem.org.br/ba/itapetinga/pesquisar?data_inicial=2000-01-01
ba,ituacu,https://doem.org.br/ba/ituacu/pesquisar?data_inicial=2000-01-01
ba,juazeiro,https://doem.org.br/ba/juazeiro/pesquisar?data_inicial=2000-01-01
ba,laje,https://doem.org.br/ba/laje/pesquisar?data_inicial=2000-01-01
ba,macajuba,https://doem.org.br/ba/macajuba/pesquisar?data_inicial=2000-01-01
ba,mascote,https://doem.org.br/ba/mascote/pesquisar?data_inicial=2000-01-01
ba,medeirosneto,https://doem.org.br/ba/medeirosneto/pesquisar?data_inicial=2000-01-01
ba,mucuri,https://doem.org.br/ba/mucuri/pesquisar?data_inicial=2000-01-01
ba,prado,https://doem.org.br/ba/prado/pesquisar?data_inicial=2000-01-01
ba,ribeiradopombal,https://doem.org.br/ba/ribeiradopombal/pesquisar?data_inicial=2000-01-01
ba,santacruzcabralia,https://doem.org.br/ba/santacruzcabralia/pesquisar?data_inicial=2000-01-01
ba,santoamaro,https://doem.org.br/ba/santoamaro/pesquisar?data_inicial=2000-01-01
ba,santoestevao,https://doem.org.br/ba/santoestevao/pesquisar?data_inicial=2000-01-01
ba,senhordobonfim,https://doem.org.br/ba/senhordobonfim/pesquisar?data_inicial=2000-01-01
ba,sentose,https://doem.org.br/ba/sentose/pesquisar?data_inicial=2000-01-01
ba,tabocasdobrejovelho,https://doem.org.br/ba/tabocasdobrejovelho/pesquisar?data_inicial=2000-01-01
ba,teixeiradefreitas,https://doem.org.br/ba/teixeiradefreitas/pesquisar?data_inicial=2000-01-01
ba,teolandia,https://doem.org.br/ba/teolandia/pesquisar?data_inicial=2000-01-01
ba,tucano,https://doem.org.br/ba/tucano/pesquisar?data_inicial=2000-01-01
pe,petrolina,https://doem.org.br/pe/petrolina/pesquisar?data_inicial=2000-01-01
