al,jaramataia
al,jaramataia
al,satuba
al,satuba
ba,acajutiba
ba,alagoinhas
ba,alcobaca
ba,antoniocardoso
ba,baianopolis
ba,baixagrande
ba,banzae
ba,barradochoca
ba,barradomendes
ba,barreiras
ba,barrocas
ba,belmonte
ba,biritinga
ba,boanova
ba,brotasdemacaubas
ba,cachoeira
ba,cacule
ba,caetanos
ba,camamu
ba,campoalegredelourdes
ba,campoformoso
ba,canapolis
ba,canavieiras
ba,cansancao
ba,canudos
ba,capimgrosso
ba,capsej
ba,catolandia
ba,catu
ba,cdsterritoriolitoralnorteeagrestebaiano
ba,cdsterritoriolitoralnorteeagrestebaiano
ba,cdsterritoriolitoralnorteeagrestebaiano
ba,cdstlnab
ba,cdstpni
ba,cicerodantas
ba,cipo
ba,cisan
ba,coaraci
ba,coisan
ba,conceicaodafeira
ba,consan
ba,consorcioconsisal
ba,cdstpni
ba,cdstlnab
ba,coisan
ba,cisan
ba,consorciointermunicipalsomar
ba,consorcioportaldosertao
ba,consan
ba,consorcioconsisal
ba,cdstpni
ba,cdstlnab
ba,coisan
ba,cisan
ba,consorciointermunicipalsomar
ba,consorcioportaldosertao
ba,consan
ba,correntina
ba,dariomeira
ba,diasdavila
ba,ericocardoso
ba,florestaazul
ba,gentiodoouro
ba,gongogi
ba,governadormangabeira
ba,guaratinga
ba,heliopolis
ba,ibiquera
ba,idesba
ba,inhambupe
ba,idesba
ba,ipcf
ba,ipcf
ba,insv
ba,insv
ba,insv
ba,ipcf
ba,ipiau
ba,ipira
ba,irara
ba,irece
ba,itabela
ba,itabuna
ba,itamaraju
ba,itambe
ba,itanagra
ba,itapetinga
ba,ituacu
ba,jacobina
ba,jaguarari
ba,joaodourado
ba,juazeiro
ba,jussara
ba,laje
ba,luiseduardomagalhaes
ba,macajuba
ba,mascote
ba,medeirosneto
ba,miguelcalmon
ba,modelo
ba,montesanto
ba,morrodochapeu
ba,mucuri
ba,mundonovo
ba,muritiba
ba,oliveiradosbrejinhos
ba,pedeserra
ba,pedrao
ba,pedroalexandre
ba,pindobacu
ba,pontonovo
ba,portoseguro
ba,prado
ba,acajutiba
ba,alagoinhas
ba,alcobaca
ba,alcobaca
ba,antoniocardoso
ba,antoniocardoso
ba,baianopolis
ba,baianopolis
ba,baixagrande
ba,banzae
ba,banzae
ba,barradochoca
ba,barradochoca
ba,barradomendes
ba,barreiras
ba,barrocas
ba,belmonte
ba,biritinga
ba,boanova
ba,brotasdemacaubas
ba,brotasdemacaubas
ba,cachoeira
ba,cacule
ba,cacule
ba,caetanos
ba,camamu
ba,campoalegredelourdes
ba,campoformoso
ba,canapolis
ba,canavieiras
ba,cansancao
ba,cansancao
ba,canudos
ba,canapolis
ba,capimgrosso
ba,catolandia
ba,catolandia
ba,catu
ba,cicerodantas
ba,cipo
ba,cipo
ba,coaraci
ba,conceicaodafeira
ba,conceicaodafeira
ba,correntina
ba,cicerodantas
ba,dariomeira
ba,diasdavila
ba,diasdavila
ba,dariomeira
ba,ericocardoso
ba,florestaazul
ba,gentiodoouro
ba,gongogi
ba,governadormangabeira
ba,guaratinga
ba,heliopolis
ba,heliopolis
ba,ibiquera
ba,inhambupe
ba,ipiau
ba,ipiau
ba,ipira
ba,ipira
ba,irara
ba,irara
ba,irece
ba,irece
ba,itabela
ba,itabuna
ba,itamaraju
ba,itambe
ba,itambe
ba,itanagra
ba,itapetinga
ba,ituacu
ba,ituacu
ba,jacobina
ba,jaguarari
ba,joaodourado
ba,joaodourado
ba,juazeiro
ba,jussara
ba,laje
ba,luiseduardomagalhaes
ba,luiseduardomagalhaes
ba,macajuba
ba,mascote
ba,medeirosneto
ba,miguelcalmon
ba,modelo
ba,montesanto
ba,morrodochapeu
ba,morrodochapeu
ba,mucuri
ba,mundonovo
ba,muritiba
ba,oliveiradosbrejinhos
ba,pedeserra
ba,pedrao
ba,pedroalexandre
ba,pedrao
ba,pindobacu
ba,pindobacu
ba,pontonovo
ba,portoseguro
ba,prado
ba,pedeserra
ba,queimadas
ba,ribeiradoamparo
ba,ribeiradopombal
ba,rioreal
ba,rodelas
ba,santacruzcabralia
ba,santacruzcabralia
ba,santoamaro
ba,santoestevao
ba,santoestevao
ba,saodesiderio
ba,saofranciscodoconde
ba,saogoncalodoscampos
ba,saojosedojacuipe
ba,saude
ba,saude
ba,senhordobonfim
ba,sentose
ba,sentose
ba,serrapreta
ba,serrinha
ba,sitiodomato
ba,sitiodoquinto
ba,saodesiderio
ba,saofranciscodoconde
ba,saogoncalodoscampos
ba,saojosedojacuipe
ba,sitiodomato
ba,sitiodoquinto
ba,tabocasdobrejovelho
ba,teixeiradefreitas
ba,teolandia
ba,teolandia
ba,tucano
ba,uaua
ba,uaua
ba,varzeadaroca
ba,varzeadaroca
ba,xiquexique
ba,ericocardoso
ba,queimadas
ba,ribeiradoamparo
ba,ribeiradopombal
ba,rioreal
ba,rodelas
ba,saaealagoinhas
ba,santacruzcabralia
ba,santoamaro
ba,santoestevao
ba,saodesiderio
ba,saofranciscodoconde
ba,saogoncalodoscampos
ba,saojosedojacuipe
ba,saude
ba,senhordobonfim
ba,sentose
ba,serrapreta
ba,serrinha
ba,sitiodomato
ba,sitiodoquinto
ba,tabocasdobrejovelho
ba,teixeiradefreitas
ba,teolandia
ba,tucano
ba,uaua
ba,varzeadaroca
ba,xiquexique
pe,petrolina
pe,petrolina
se,indiaroba
se,indiaroba

