al,jaramataia,https://doem.org.br/al/jaramataia/pesquisar?data_inicial=2000-01-01
al,satuba,https://doem.org.br/al/satuba/pesquisar?data_inicial=2000-01-01
ba,acajutiba,https://doem.org.br/ba/acajutiba/pesquisar?data_inicial=2000-01-01
ba,alagoinhas,https://doem.org.br/ba/alagoinhas/pesquisar?data_inicial=2000-01-01
ba,alcobaca,https://doem.org.br/ba/alcobaca/pesquisar?data_inicial=2000-01-01
ba,antoniocardoso,https://doem.org.br/ba/antoniocardoso/pesquisar?data_inicial=2000-01-01
ba,baianopolis,https://doem.org.br/ba/baianopolis/pesquisar?data_inicial=2000-01-01
ba,baixagrande,https://doem.org.br/ba/baixagrande/pesquisar?data_inicial=2000-01-01
ba,banzae,https://doem.org.br/ba/banzae/pesquisar?data_inicial=2000-01-01
ba,barradochoca,https://doem.org.br/ba/barradochoca/pesquisar?data_inicial=2000-01-01
ba,barradomendes,https://doem.org.br/ba/barradomendes/pesquisar?data_inicial=2000-01-01
ba,barreiras,https://doem.org.br/ba/barreiras/pesquisar?data_inicial=2000-01-01
ba,barrocas,https://doem.org.br/ba/barrocas/pesquisar?data_inicial=2000-01-01
ba,belmonte,https://doem.org.br/ba/belmonte/pesquisar?data_inicial=2000-01-01
ba,biritinga,https://doem.org.br/ba/biritinga/pesquisar?data_inicial=2000-01-01
ba,boanova,https://doem.org.br/ba/boanova/pesquisar?data_inicial=2000-01-01
ba,brotasdemacaubas,https://doem.org.br/ba/brotasdemacaubas/pesquisar?data_inicial=2000-01-01
ba,cachoeira,https://doem.org.br/ba/cachoeira/pesquisar?data_inicial=2000-01-01
ba,cacule,https://doem.org.br/ba/cacule/pesquisar?data_inicial=2000-01-01
ba,caetanos,https://doem.org.br/ba/caetanos/pesquisar?data_inicial=2000-01-01
ba,camamu,https://doem.org.br/ba/camamu/pesquisar?data_inicial=2000-01-01
ba,campoalegredelourdes,https://doem.org.br/ba/campoalegredelourdes/pesquisar?data_inicial=2000-01-01
ba,campoformoso,https://doem.org.br/ba/campoformoso/pesquisar?data_inicial=2000-01-01
ba,canapolis,https://doem.org.br/ba/canapolis/pesquisar?data_inicial=2000-01-01
ba,canavieiras,https://doem.org.br/ba/canavieiras/pesquisar?data_inicial=2000-01-01
ba,cansancao,https://doem.org.br/ba/cansancao/pesquisar?data_inicial=2000-01-01
ba,canudos,https://doem.org.br/ba/canudos/pesquisar?data_inicial=2000-01-01
ba,capsej,https://doem.org.br/ba/capsej/pesquisar?data_inicial=2000-01-01
ba,catolandia,https://doem.org.br/ba/catolandia/pesquisar?data_inicial=2000-01-01
ba,catu,https://doem.org.br/ba/catu/pesquisar?data_inicial=2000-01-01
ba,cdsterritoriolitoralnorteeagrestebaiano,https://doem.org.br/ba/cdsterritoriolitoralnorteeagrestebaiano/pesquisar?data_inicial=2000-01-01
ba,cdstlnab,https://doem.org.br/ba/cdstlnab/pesquisar?data_inicial=2000-01-01
ba,cdstpni,https://doem.org.br/ba/cdstpni/pesquisar?data_inicial=2000-01-01
ba,cicerodantas,https://doem.org.br/ba/cicerodantas/pesquisar?data_inicial=2000-01-01
ba,cipo,https://doem.org.br/ba/cipo/pesquisar?data_inicial=2000-01-01
ba,cisan,https://doem.org.br/ba/cisan/pesquisar?data_inicial=2000-01-01
ba,coisan,https://doem.org.br/ba/coisan/pesquisar?data_inicial=2000-01-01
ba,conceicaodafeira,https://doem.org.br/ba/conceicaodafeira/pesquisar?data_inicial=2000-01-01
ba,consan,https://doem.org.br/ba/consan/pesquisar?data_inicial=2000-01-01
ba,consorcioconsisal,https://doem.org.br/ba/consorcioconsisal/pesquisar?data_inicial=2000-01-01
ba,consorcioportaldosertao,https://doem.org.br/ba/consorcioportaldosertao/pesquisar?data_inicial=2000-01-01
ba,correntina,https://doem.org.br/ba/correntina/pesquisar?data_inicial=2000-01-01
ba,dariomeira,https://doem.org.br/ba/dariomeira/pesquisar?data_inicial=2000-01-01
ba,diasdavila,https://doem.org.br/ba/diasdavila/pesquisar?data_inicial=2000-01-01
ba,ericocardoso,https://doem.org.br/ba/ericocardoso/pesquisar?data_inicial=2000-01-01
ba,florestaazul,https://doem.org.br/ba/florestaazul/pesquisar?data_inicial=2000-01-01
ba,gentiodoouro,https://doem.org.br/ba/gentiodoouro/pesquisar?data_inicial=2000-01-01
ba,gongogi,https://doem.org.br/ba/gongogi/pesquisar?data_inicial=2000-01-01
ba,governadormangabeira,https://doem.org.br/ba/governadormangabeira/pesquisar?data_inicial=2000-01-01
ba,guaratinga,https://doem.org.br/ba/guaratinga/pesquisar?data_inicial=2000-01-01
ba,heliopolis,https://doem.org.br/ba/heliopolis/pesquisar?data_inicial=2000-01-01
ba,ibiquera,https://doem.org.br/ba/ibiquera/pesquisar?data_inicial=2000-01-01
ba,idesba,https://doem.org.br/ba/idesba/pesquisar?data_inicial=2000-01-01
ba,inhambupe,https://doem.org.br/ba/inhambupe/pesquisar?data_inicial=2000-01-01
ba,ipcf,https://doem.org.br/ba/ipcf/pesquisar?data_inicial=2000-01-01
ba,insv,https://doem.org.br/ba/insv/pesquisar?data_inicial=2000-01-01
ba,ipiau,https://doem.org.br/ba/ipiau/pesquisar?data_inicial=2000-01-01
ba,ipira,https://doem.org.br/ba/ipira/pesquisar?data_inicial=2000-01-01
ba,irara,https://doem.org.br/ba/irara/pesquisar?data_inicial=2000-01-01
ba,irece,https://doem.org.br/ba/irece/pesquisar?data_inicial=2000-01-01
ba,itabela,https://doem.org.br/ba/itabela/pesquisar?data_inicial=2000-01-01
ba,itambe,https://doem.org.br/ba/itambe/pesquisar?data_inicial=2000-01-01
ba,itanagra,https://doem.org.br/ba/itanagra/pesquisar?data_inicial=2000-01-01
ba,itapetinga,https://doem.org.br/ba/itapetinga/pesquisar?data_inicial=2000-01-01
ba,ituacu,https://doem.org.br/ba/ituacu/pesquisar?data_inicial=2000-01-01
ba,jaguarari,https://doem.org.br/ba/jaguarari/pesquisar?data_inicial=2000-01-01
ba,joaodourado,https://doem.org.br/ba/joaodourado/pesquisar?data_inicial=2000-01-01
ba,juazeiro,https://doem.org.br/ba/juazeiro/pesquisar?data_inicial=2000-01-01
ba,jussara,https://doem.org.br/ba/jussara/pesquisar?data_inicial=2000-01-01
ba,laje,https://doem.org.br/ba/laje/pesquisar?data_inicial=2000-01-01
ba,luiseduardomagalhaes,https://doem.org.br/ba/luiseduardomagalhaes/pesquisar?data_inicial=2000-01-01
ba,macajuba,https://doem.org.br/ba/macajuba/pesquisar?data_inicial=2000-01-01
ba,mascote,https://doem.org.br/ba/mascote/pesquisar?data_inicial=2000-01-01
ba,medeirosneto,https://doem.org.br/ba/medeirosneto/pesquisar?data_inicial=2000-01-01
ba,modelo,https://doem.org.br/ba/modelo/pesquisar?data_inicial=2000-01-01
ba,montesanto,https://doem.org.br/ba/montesanto/pesquisar?data_inicial=2000-01-01
ba,morrodochapeu,https://doem.org.br/ba/morrodochapeu/pesquisar?data_inicial=2000-01-01
ba,mucuri,https://doem.org.br/ba/mucuri/pesquisar?data_inicial=2000-01-01
ba,mundonovo,https://doem.org.br/ba/mundonovo/pesquisar?data_inicial=2000-01-01
ba,muritiba,https://doem.org.br/ba/muritiba/pesquisar?data_inicial=2000-01-01
ba,oliveiradosbrejinhos,https://doem.org.br/ba/oliveiradosbrejinhos/pesquisar?data_inicial=2000-01-01
ba,pedeserra,https://doem.org.br/ba/pedeserra/pesquisar?data_inicial=2000-01-01
ba,pedrao,https://doem.org.br/ba/pedrao/pesquisar?data_inicial=2000-01-01
ba,pedroalexandre,https://doem.org.br/ba/pedroalexandre/pesquisar?data_inicial=2000-01-01
ba,pindobacu,https://doem.org.br/ba/pindobacu/pesquisar?data_inicial=2000-01-01
ba,pontonovo,https://doem.org.br/ba/pontonovo/pesquisar?data_inicial=2000-01-01
ba,prado,https://doem.org.br/ba/prado/pesquisar?data_inicial=2000-01-01
ba,queimadas,https://doem.org.br/ba/queimadas/pesquisar?data_inicial=2000-01-01
ba,ribeiradoamparo,https://doem.org.br/ba/ribeiradoamparo/pesquisar?data_inicial=2000-01-01
ba,ribeiradopombal,https://doem.org.br/ba/ribeiradopombal/pesquisar?data_inicial=2000-01-01
ba,rodelas,https://doem.org.br/ba/rodelas/pesquisar?data_inicial=2000-01-01
ba,santacruzcabralia,https://doem.org.br/ba/santacruzcabralia/pesquisar?data_inicial=2000-01-01
ba,santoamaro,https://doem.org.br/ba/santoamaro/pesquisar?data_inicial=2000-01-01
ba,santoestevao,https://doem.org.br/ba/santoestevao/pesquisar?data_inicial=2000-01-01
ba,saofranciscodoconde,https://doem.org.br/ba/saofranciscodoconde/pesquisar?data_inicial=2000-01-01
ba,saogoncalodoscampos,https://doem.org.br/ba/saogoncalodoscampos/pesquisar?data_inicial=2000-01-01
ba,saojosedojacuipe,https://doem.org.br/ba/saojosedojacuipe/pesquisar?data_inicial=2000-01-01
ba,saude,https://doem.org.br/ba/saude/pesquisar?data_inicial=2000-01-01
ba,senhordobonfim,https://doem.org.br/ba/senhordobonfim/pesquisar?data_inicial=2000-01-01
ba,sentose,https://doem.org.br/ba/sentose/pesquisar?data_inicial=2000-01-01
ba,serrapreta,https://doem.org.br/ba/serrapreta/pesquisar?data_inicial=2000-01-01
ba,serrinha,https://doem.org.br/ba/serrinha/pesquisar?data_inicial=2000-01-01
ba,sitiodomato,https://doem.org.br/ba/sitiodomato/pesquisar?data_inicial=2000-01-01
ba,sitiodoquinto,https://doem.org.br/ba/sitiodoquinto/pesquisar?data_inicial=2000-01-01
ba,tabocasdobrejovelho,https://doem.org.br/ba/tabocasdobrejovelho/pesquisar?data_inicial=2000-01-01
ba,teixeiradefreitas,https://doem.org.br/ba/teixeiradefreitas/pesquisar?data_inicial=2000-01-01
ba,teolandia,https://doem.org.br/ba/teolandia/pesquisar?data_inicial=2000-01-01
ba,tucano,https://doem.org.br/ba/tucano/pesquisar?data_inicial=2000-01-01
ba,uaua,https://doem.org.br/ba/uaua/pesquisar?data_inicial=2000-01-01
ba,varzeadaroca,https://doem.org.br/ba/varzeadaroca/pesquisar?data_inicial=2000-01-01
ba,xiquexique,https://doem.org.br/ba/xiquexique/pesquisar?data_inicial=2000-01-01
ba,saaealagoinhas,https://doem.org.br/ba/saaealagoinhas/pesquisar?data_inicial=2000-01-01
pe,petrolina,https://doem.org.br/pe/petrolina/pesquisar?data_inicial=2000-01-01
se,indiaroba,https://doem.org.br/se/indiaroba/pesquisar?data_inicial=2000-01-01
